SimulationIndex,CaseIndex,ControllerIndex,SavedRunIndex,Strategy,VariantLabel,Frequency_Hz,RoadAmplitude_m,StopTime_s,TargetDt_s,SamplesSaved,SamplesPerCycle,RawMinSamplesPerCycle,SavedWindowStart_s,SavedWindowEnd_s,SteadyCheckSignal,SteadyAmplitudeChange_pct,SteadyPhaseChange_deg,Elapsed_s,Status,Message,RawOutputFile
1,1,1,1,Passive,Passive,0.5,0.052,36,0.002,12001,1000.08333333333,1999.99999999756,12,36,vd,2.01575660406405e-12,4.57999874130746e-13,4.0573408,SUCCESS,,
2,1,2,2,SHADD,SH_ADD,0.5,0.052,36,0.002,12001,1000.08333333333,1999.99999999756,12,36,vd,0.000417988309384092,0.000610273534440102,6.9397125,SUCCESS,,
3,2,1,3,Passive,Passive,0.7,0.0371428571428571,29.1428571428571,0.002,8572,714.369051785923,1428.57142856968,11.9991428571429,29.1411428571429,vd,1.57827785036895e-13,7.88777561002952e-13,3.744917,SUCCESS,,
4,2,2,4,SHADD,SH_ADD,0.7,0.0371428571428571,29.1428571428571,0.002,8572,714.369051785923,1428.57142856968,11.9991428571429,29.1411428571429,vd,0.00123963929548492,0.00129559438743375,6.5638452,SUCCESS,,
5,3,1,5,Passive,Passive,0.8,0.0325,27,0.002,7501,625.083333333333,1249.99999999847,12,27,vd,6.48495639393803e-13,1.27222187258541e-13,3.8518429,SUCCESS,,
6,3,2,6,SHADD,SH_ADD,0.8,0.0325,27,0.002,7501,625.083333333333,1249.99999999847,12,27,vd,0.000243361922123959,0.000641485328258693,5.6868387,SUCCESS,,
7,4,1,7,Passive,Passive,0.9,0.0288888888888889,25.3333333333333,0.002,6667,555.638897223056,1111.11111110975,11.9996666666667,25.3316666666667,vd,3.84221455131401e-12,7.12444248647828e-13,3.755922,SUCCESS,,
8,4,2,8,SHADD,SH_ADD,0.9,0.0288888888888889,25.3333333333333,0.002,6667,555.638897223056,1111.11111110975,11.9996666666667,25.3316666666667,vd,0.0152093304469382,0.000491159463833925,5.5040911,SUCCESS,,
9,5,1,9,Passive,Passive,1,0.026,24,0.002,6001,500.083333333333,999.999999998778,12,24,vd,9.47827936754486e-12,1.27222187258541e-12,3.8091754,SUCCESS,,
10,5,2,10,SHADD,SH_ADD,1,0.026,24,0.002,6001,500.083333333333,999.999999998778,12,24,vd,0.00355212029338791,0.000215287101429875,5.377062,SUCCESS,,
11,6,1,11,Passive,Passive,1.1,0.0236363636363636,22.9090909090909,0.002,5455,454.628796212955,909.090909089798,11.9999090909091,22.9079090909091,vd,5.02981419283783e-12,1.5775551220059e-11,3.764247,SUCCESS,,
12,6,2,12,SHADD,SH_ADD,1.1,0.0236363636363636,22.9090909090909,0.002,5455,454.628796212955,909.090909089798,11.9999090909091,22.9079090909091,vd,0.0582891876148932,0.0162242736780581,5.4836521,SUCCESS,,
13,7,1,13,Passive,Passive,1.2,0.0216666666666667,22,0.002,5001,416.75,833.333333332315,12,22,vd,5.40366611342573e-11,1.98466612123323e-12,3.5730441,SUCCESS,,
14,7,2,14,SHADD,SH_ADD,1.2,0.0216666666666667,22,0.002,5001,416.75,833.333333332315,12,22,vd,0.00062477791824005,0.000908287316910941,5.7359971,SUCCESS,,
15,8,1,15,Passive,Passive,1.4,0.0185714285714286,20.5714285714286,0.002,4286,357.226204367395,714.28571428611,11.9995714285714,20.5695714285714,vd,5.1813857322789e-12,5.8318650639315e-11,3.5388894,SUCCESS,,
16,8,2,16,SHADD,SH_ADD,1.4,0.0185714285714286,20.5714285714286,0.002,4286,357.226204367395,714.28571428611,11.9995714285714,20.5695714285714,vd,0.00595438113950103,0.000105828025155832,5.0751061,SUCCESS,,
17,9,1,17,Passive,Passive,1.6,0.01625,19.5,0.002,3751,312.583333333333,625.000000000346,12,19.5,vd,3.59129357170234e-11,9.77829731269144e-11,3.4473122,SUCCESS,,
18,9,2,18,SHADD,SH_ADD,1.6,0.01625,19.5,0.002,3751,312.583333333333,625.000000000346,12,19.5,vd,0.0754158499030028,0.000869547738105943,5.0094238,SUCCESS,,
19,10,1,19,Passive,Passive,2,0.013,18,0.002,3001,250.083333333333,500.000000000277,12,18,vd,1.70115159269201e-10,1.34244851995212e-10,3.7062271,SUCCESS,,
20,10,2,20,SHADD,SH_ADD,2,0.013,18,0.002,3001,250.083333333333,500.000000000277,12,18,vd,0.00055280458407738,0.00144003896346839,4.7125279,SUCCESS,,
21,11,1,21,Passive,Passive,2.5,0.0104,16.8,0.002,2401,200.083333333333,400.000000000222,12,16.8,vd,8.02503695406657e-10,1.19588856023028e-11,3.6938782,SUCCESS,,
22,11,2,22,SHADD,SH_ADD,2.5,0.0104,16.8,0.002,2401,200.083333333333,400.000000000222,12,16.8,vd,0.000123564380915175,0.000672896894090825,4.7407283,SUCCESS,,
23,12,1,23,Passive,Passive,3,0.00866666666666667,16,0.002,2001,166.75,333.333333333518,12,16,vd,6.33528761182631e-10,9.01496418914019e-11,3.5798185,SUCCESS,,
24,12,2,24,SHADD,SH_ADD,3,0.00866666666666667,16,0.002,2001,166.75,333.333333333518,12,16,vd,5.72247718739081e-05,0.00713625450882316,5.0299486,SUCCESS,,
25,13,1,25,Passive,Passive,4,0.0065,15,0.002,1501,125.083333333333,250.000000000139,12,15,vd,6.95441408923357e-10,2.72331814045632e-10,3.6294369,SUCCESS,,
26,13,2,26,SHADD,SH_ADD,4,0.0065,15,0.002,1501,125.083333333333,250.000000000139,12,15,vd,0.00202316031075192,0.0240105191161431,4.6973672,SUCCESS,,
27,14,1,27,Passive,Passive,5,0.0052,14.4,0.00166666666666667,1441,120.083333333333,200.000000000111,12,14.4,vd,2.08452956225844e-06,7.357409364009e-06,3.4419582,SUCCESS,,
28,14,2,28,SHADD,SH_ADD,5,0.0052,14.4,0.00166666666666667,1441,120.083333333333,200.000000000111,12,14.4,vd,0.00928600983080445,0.0448521842125592,4.9074797,SUCCESS,,
29,15,1,29,Passive,Passive,6,0.00433333333333333,14,0.00138888888888889,1441,120.083333333333,166.666666666759,12,14,vd,4.34367130719176e-06,9.30904949598523e-06,3.5843604,SUCCESS,,
30,15,2,30,SHADD,SH_ADD,6,0.00433333333333333,14,0.00138888888888889,1441,120.083333333333,166.666666666759,12,14,vd,0.00739906920826066,0.0172525965215269,4.8547182,SUCCESS,,
31,16,1,31,Passive,Passive,7,0.00371428571428571,13.7142857142857,0.00119047619047619,1440,120.083391243919,142.857142857222,11.9997142857143,13.7128095238095,vd,2.47893080410823e-05,3.05183431046116e-05,3.6176805,SUCCESS,,
32,16,2,32,SHADD,SH_ADD,7,0.00371428571428571,13.7142857142857,0.00119047619047619,1440,120.083391243919,142.857142857222,11.9997142857143,13.7128095238095,vd,0.0393438439807332,0.0133113329805771,4.7645563,SUCCESS,,
33,17,1,33,Passive,Passive,8,0.00325,13.5,0.00104166666666667,1441,120.083333333333,125.000000000069,12,13.5,vd,2.9267222121195e-05,2.88362934029899e-05,3.3710709,SUCCESS,,
34,17,2,34,SHADD,SH_ADD,8,0.00325,13.5,0.00104166666666667,1441,120.083333333333,125.000000000069,12,13.5,vd,0.00148126550359901,0.0020701056950653,4.7810738,SUCCESS,,
35,18,1,35,Passive,Passive,9,0.00288888888888889,13.3333333333333,0.000925925925925926,1441,120.083333333333,111.111111111173,11.9996666666667,13.333,vd,0.000232210475623125,0.000129091989606675,3.5871782,SUCCESS,,
36,18,2,36,SHADD,SH_ADD,9,0.00288888888888889,13.3333333333333,0.000925925925925926,1441,120.083333333333,111.111111111173,11.9996666666667,13.333,vd,0.0697573963835575,0.0158469015039868,4.6538709,SUCCESS,,
37,19,1,37,Passive,Passive,10,0.0026,13.2,0.000833333333333333,1440,120.083391243919,100.000000000055,12,13.1991666666667,vd,1.94928171566138e-05,6.67145048474903e-06,3.387492,SUCCESS,,
38,19,2,38,SHADD,SH_ADD,10,0.0026,13.2,0.000833333333333333,1440,120.083391243919,100.000000000055,12,13.1991666666667,vd,0.0015308708141027,0.00072922850479556,4.9079514,SUCCESS,,
39,20,1,39,Passive,Passive,11,0.00236363636363636,13.0909090909091,0.000757575757575758,1440,120.083391243919,90.9090909091413,11.9990909090909,13.0892424242424,vd,0.000164268966556009,1.42839127778856e-05,3.6038884,SUCCESS,,
40,20,2,40,SHADD,SH_ADD,11,0.00236363636363636,13.0909090909091,0.000757575757575758,1440,120.083391243919,90.9090909091413,11.9990909090909,13.0892424242424,vd,0.0248481811963813,0.104948867232524,5.0201205,SUCCESS,,
41,21,1,41,Passive,Passive,12,0.00216666666666667,13,0.000694444444444444,1441,120.083333333333,83.3333333333795,12,13,vd,0.000259870278562282,9.31125667371197e-06,3.5746638,SUCCESS,,
42,21,2,42,SHADD,SH_ADD,12,0.00216666666666667,13,0.000694444444444444,1441,120.083333333333,83.3333333333795,12,13,vd,0.00190395263008712,0.000151263321492577,4.736204,SUCCESS,,
43,22,1,43,Passive,Passive,13,0.002,12.9230769230769,0.000641025641025641,1441,120.083333333333,76.9230769231196,11.9999230769231,12.923,vd,0.000216175548433818,4.0252514368541e-05,3.4427537,SUCCESS,,
44,22,2,44,SHADD,SH_ADD,13,0.002,12.9230769230769,0.000641025641025641,1441,120.083333333333,76.9230769231196,11.9999230769231,12.923,vd,0.0232005807734288,0.0921987640400042,4.6494248,SUCCESS,,
45,23,1,45,Passive,Passive,15,0.00173333333333333,12.8,0.000555555555555556,1441,120.083333333333,66.6666666667036,12,12.8,vd,0.000220204348514099,0.000114945596176329,3.4078241,SUCCESS,,
46,23,2,46,SHADD,SH_ADD,15,0.00173333333333333,12.8,0.000555555555555556,1441,120.083333333333,66.6666666667036,12,12.8,vd,0.00214539462019649,0.00170933282526626,4.7460985,SUCCESS,,
47,24,1,47,Passive,Passive,17,0.00152941176470588,12.7058823529412,0.000490196078431373,1440,120.083391243919,58.8235294117973,11.9991176470588,12.7045098039216,vd,4.39707124994841e-05,9.5773889505725e-05,3.6139507,SUCCESS,,
48,24,2,48,SHADD,SH_ADD,17,0.00152941176470588,12.7058823529412,0.000490196078431373,1440,120.083391243919,58.8235294117973,11.9991176470588,12.7045098039216,vd,0.0881843803009921,0.00281447158998452,4.7766897,SUCCESS,,
49,25,1,49,Passive,Passive,20,0.0013,12.6,0.000416666666666667,1440,120.083391243919,50.0000000000277,12,12.5995833333333,vd,4.9511693746229e-05,6.63696177874957e-05,3.4035067,SUCCESS,,
50,25,2,50,SHADD,SH_ADD,20,0.0013,12.6,0.000416666666666667,1440,120.083391243919,50.0000000000277,12,12.5995833333333,vd,0.00036925157406237,0.000787355582382412,4.3972241,SUCCESS,,
51,26,1,51,Passive,Passive,25,0.00104,12.48,0.000333333333333333,1441,120.083333333333,40.0000000000222,12,12.48,vd,0.000100333635492909,0.000172922693180511,3.2755441,SUCCESS,,
52,26,2,52,SHADD,SH_ADD,25,0.00104,12.48,0.000333333333333333,1441,120.083333333333,40.0000000000222,12,12.48,vd,0.000224172112431952,0.00057970315733368,5.2183293,SUCCESS,,
53,27,1,53,Passive,Passive,30,0.000866666666666667,12.4,0.000277777777777778,1441,120.083333333333,33.3333333333518,12,12.4,vd,0.000202151593135083,0.000452364466967824,3.7730855,SUCCESS,,
54,27,2,54,SHADD,SH_ADD,30,0.000866666666666667,12.4,0.000277777777777778,1441,120.083333333333,33.3333333333518,12,12.4,vd,0.00116354182302169,0.00389378443142114,4.6731312,SUCCESS,,
